"coef","LMAelev","LMAslope"
"a",-0.320165200518195,-1.73419319793007
"b",0.190161584516564,0.41036024585667
