"coef","LMAelev","LMAslope"
"a",0.497015530085756,-1.49861702439994
"b",0.242603676116204,0.393681521178968
