"coef","LMAelev","LMAslope"
"a",-0.328252112281569,NA
"b",-0.223095715567957,NA
