"coef","LMAelev","LMAslope"
"a",0.531778925553251,NA
"b",-0.172558780215067,NA
