"coef","LMAelev","LMAslope"
"a",-0.320165200518196,-1.73419319793007
"b",0.154438141072082,0.497317587774213
